{
  "Working Directory" : "\/Users\/matthew.shelbourn",
  "Prompt Before Closing 2" : false,
  "Selected Text Color" : {
    "Green Component" : 0.24950546026229858,
    "Blue Component" : 0.25668647885322571,
    "Red Component" : 0.24626246094703674
  },
  "Rows" : 25,
  "Ansi 11 Color" : {
    "Green Component" : 0.92321735620498657,
    "Blue Component" : 0.38433974981307983,
    "Red Component" : 1
  },
  "Use Italic Font" : true,
  "Foreground Color" : {
    "Red Component" : 0.82835702789903043,
    "Color Space" : "sRGB",
    "Blue Component" : 0.85063244047619047,
    "Alpha Component" : 1,
    "Green Component" : 0.84727289881335477
  },
  "Right Option Key Sends" : 0,
  "Character Encoding" : 4,
  "Selection Color" : {
    "Green Component" : 0.91148865222930908,
    "Blue Component" : 0.93112045526504517,
    "Red Component" : 0.8929295539855957
  },
  "Mouse Reporting" : true,
  "Cursor Boost" : 0,
  "Ansi 4 Color" : {
    "Green Component" : 0.49827707227415013,
    "Blue Component" : 0.67496818438914019,
    "Red Component" : 0.1650784426346574
  },
  "Non-ASCII Anti Aliased" : true,
  "Sync Title" : false,
  "Disable Window Resizing" : true,
  "Description" : "Default",
  "Close Sessions On End" : true,
  "Jobs to Ignore" : [
    "rlogin",
    "ssh",
    "slogin",
    "telnet"
  ],
  "Scrollback Lines" : 0,
  "Draw Powerline Glyphs" : true,
  "Flashing Bell" : false,
  "Cursor Guide Color" : {
    "Red Component" : 0.70214027166366577,
    "Color Space" : "sRGB",
    "Blue Component" : 1,
    "Alpha Component" : 0.25,
    "Green Component" : 0.92681378126144409
  },
  "BM Growl" : true,
  "Ansi 3 Color" : {
    "Green Component" : 0.674033910034048,
    "Blue Component" : 0.29084579493154233,
    "Red Component" : 0.72714578619909509
  },
  "Icon" : 1,
  "Use Non-ASCII Font" : false,
  "Link Color" : {
    "Red Component" : 0,
    "Color Space" : "sRGB",
    "Blue Component" : 0.73422706127166748,
    "Alpha Component" : 1,
    "Green Component" : 0.35915294289588928
  },
  "Shortcut" : "",
  "Background Image Location" : "",
  "Bold Color" : {
    "Green Component" : 0.9264177680015564,
    "Blue Component" : 0.92621010541915894,
    "Red Component" : 0.92623984813690186
  },
  "Use Cursor Guide" : false,
  "Unlimited Scrollback" : true,
  "Custom Command" : "No",
  "Title Components" : 584,
  "Keyboard Map" : {
    "0x33-0x200000-0x0" : {
      "Text" : "3",
      "Action" : 12
    },
    "0x2f-0x200000-0x0" : {
      "Text" : "\/",
      "Action" : 12
    },
    "0x3-0x200000-0x0" : {
      "Text" : "0xd",
      "Action" : 11
    },
    "0x38-0x200000-0x0" : {
      "Text" : "8",
      "Action" : 12
    },
    "0xf728-0x80000-0x0" : {
      "Text" : "d",
      "Action" : 10
    },
    "0xf70e-0x20000-0x0" : {
      "Text" : "[23;2~",
      "Action" : 10
    },
    "0xf701-0x220000-0x0" : {
      "Text" : "[1;2B",
      "Action" : 10
    },
    "0x32-0x40000-0x0" : {
      "Text" : "0x00",
      "Action" : 11
    },
    "0xf700-0x240000-0x0" : {
      "Text" : "[1;5A",
      "Action" : 10
    },
    "0xf703-0x220000-0x0" : {
      "Text" : "[1;2C",
      "Action" : 10
    },
    "0xf70b-0x20000-0x0" : {
      "Text" : "[19;2~",
      "Action" : 10
    },
    "0xf702-0x240000-0x0" : {
      "Text" : "[1;5D",
      "Action" : 10
    },
    "0xf701-0x280000" : {
      "Text" : "0x1b 0x1b 0x5b 0x42",
      "Action" : 11
    },
    "0xf701-0x260000-0x0" : {
      "Text" : "[1;6B",
      "Action" : 10
    },
    "0xf72b-0x40000-0x0" : {
      "Text" : "[1;5F",
      "Action" : 10
    },
    "0xf703-0x260000-0x0" : {
      "Text" : "[1;6C",
      "Action" : 10
    },
    "0x31-0x200000-0x0" : {
      "Text" : "1",
      "Action" : 12
    },
    "0xf702-0x280000-0x0" : {
      "Text" : "b",
      "Action" : 10
    },
    "0x2d-0x200000-0x0" : {
      "Text" : "-",
      "Action" : 12
    },
    "0xf709-0x20000-0x0" : {
      "Text" : "[17;2~",
      "Action" : 10
    },
    "0xf700-0x280000" : {
      "Text" : "0x1b 0x1b 0x5b 0x41",
      "Action" : 11
    },
    "0x36-0x200000-0x0" : {
      "Text" : "6",
      "Action" : 12
    },
    "0xf706-0x20000-0x0" : {
      "Text" : "[1;2R",
      "Action" : 10
    },
    "0x36-0x40000-0x0" : {
      "Text" : "0x1e",
      "Action" : 11
    },
    "0xf729-0x40000-0x0" : {
      "Text" : "[1;5H",
      "Action" : 10
    },
    "0x2d-0x40000-0x0" : {
      "Text" : "0x1f",
      "Action" : 11
    },
    "0xf702-0x300000-0x0" : {
      "Text" : "0x1",
      "Action" : 11
    },
    "0x7f-0x80000-0x0" : {
      "Text" : "0x1b 0x7f",
      "Action" : 11
    },
    "0x33-0x40000-0x0" : {
      "Text" : "0x1b",
      "Action" : 11
    },
    "0x2b-0x200000-0x0" : {
      "Text" : "+",
      "Action" : 12
    },
    "0x34-0x200000-0x0" : {
      "Text" : "4",
      "Action" : 12
    },
    "0xf70d-0x20000-0x0" : {
      "Text" : "[21;2~",
      "Action" : 10
    },
    "0xf72b-0x20000-0x0" : {
      "Text" : "[1;2F",
      "Action" : 10
    },
    "0x39-0x200000-0x0" : {
      "Text" : "9",
      "Action" : 12
    },
    "0xf70a-0x20000-0x0" : {
      "Text" : "[18;2~",
      "Action" : 10
    },
    "0x37-0x40000-0x0" : {
      "Text" : "0x1f",
      "Action" : 11
    },
    "0xf708-0x20000-0x0" : {
      "Text" : "[15;2~",
      "Action" : 10
    },
    "0xf729-0x20000-0x0" : {
      "Text" : "[1;2H",
      "Action" : 10
    },
    "0xf700-0x220000-0x0" : {
      "Text" : "[1;2A",
      "Action" : 10
    },
    "0xf705-0x20000-0x0" : {
      "Text" : "[1;2Q",
      "Action" : 10
    },
    "0xf702-0x220000-0x0" : {
      "Text" : "[1;2D",
      "Action" : 10
    },
    "0x2e-0x200000-0x0" : {
      "Text" : ".",
      "Action" : 12
    },
    "0x32-0x200000-0x0" : {
      "Text" : "2",
      "Action" : 12
    },
    "0xf701-0x240000-0x0" : {
      "Text" : "[1;5B",
      "Action" : 10
    },
    "0xf700-0x260000-0x0" : {
      "Text" : "[1;6A",
      "Action" : 10
    },
    "0x37-0x200000-0x0" : {
      "Text" : "7",
      "Action" : 12
    },
    "0xf703-0x240000-0x0" : {
      "Text" : "[1;5C",
      "Action" : 10
    },
    "0x34-0x40000-0x0" : {
      "Text" : "0x1c",
      "Action" : 11
    },
    "0xf702-0x260000-0x0" : {
      "Text" : "[1;6D",
      "Action" : 10
    },
    "0xf703-0x280000-0x0" : {
      "Text" : "f",
      "Action" : 10
    },
    "0xf70f-0x20000-0x0" : {
      "Text" : "[24;2~",
      "Action" : 10
    },
    "0x7f-0x100000-0x0" : {
      "Text" : "0x15",
      "Action" : 11
    },
    "0xf70c-0x20000-0x0" : {
      "Text" : "[20;2~",
      "Action" : 10
    },
    "0xf703-0x300000-0x0" : {
      "Text" : "0x5",
      "Action" : 11
    },
    "0x30-0x200000-0x0" : {
      "Text" : "0",
      "Action" : 12
    },
    "0x38-0x40000-0x0" : {
      "Text" : "0x7f",
      "Action" : 11
    },
    "0x35-0x200000-0x0" : {
      "Text" : "5",
      "Action" : 12
    },
    "0xf739-0x0-0x0" : {
      "Text" : "",
      "Action" : 13
    },
    "0xf707-0x20000-0x0" : {
      "Text" : "[1;2S",
      "Action" : 10
    },
    "0xf704-0x20000-0x0" : {
      "Text" : "[1;2P",
      "Action" : 10
    },
    "0x35-0x40000-0x0" : {
      "Text" : "0x1d",
      "Action" : 11
    },
    "0xf728-0x0-0x0" : {
      "Text" : "0x4",
      "Action" : 11
    },
    "0x2a-0x200000-0x0" : {
      "Text" : "*",
      "Action" : 12
    }
  },
  "Ansi 14 Color" : {
    "Green Component" : 0.8030613687782806,
    "Blue Component" : 0.74187815387757039,
    "Red Component" : 0.32424480209917289
  },
  "Ansi 2 Color" : {
    "Green Component" : 0.60644089366515841,
    "Blue Component" : 0.41532100759933388,
    "Red Component" : 0.47089726353294475
  },
  "Send Code When Idle" : false,
  "ASCII Anti Aliased" : true,
  "Tags" : [

  ],
  "Ansi 9 Color" : {
    "Green Component" : 0.28235295414924622,
    "Blue Component" : 0.25098040699958801,
    "Red Component" : 0.94901961088180542
  },
  "Use Bold Font" : true,
  "Silence Bell" : false,
  "Ansi 12 Color" : {
    "Green Component" : 0.58658880481119824,